1;nulla.ante.iaculis@fames.net;23
2;et.netus.et@Cum.net;65
3;feugiat.non@ac.net;24
4;aliquet@semmagna.net;13
5;eu@consectetuer.ca;72
6;in.dolor@miac.co.uk;59
7;Cum@Quisque.com;10
8;Proin.mi@Maecenas.org;35
9;elit.elit@lectusquismassa.edu;22
10;nulla.ante.iaculis@fames.net;42
11;et.netus.et@Cum.net;95
12;feugiat.non@ac.net;72
13;aliquet@semmagna.net;14
14;eu@consectetuer.ca;33
15;in.dolor@miac.co.uk;86
16;Cum@Quisque.com;62
17;Proin.mi@Maecenas.org;5
18;elit.elit@lectusquismassa.edu;15
19;nulla.ante.iaculis@fames.net;23
20;et.netus.et@Cum.net;78
21;feugiat.non@ac.net;81
22;aliquet@semmagna.net;42
23;eu@consectetuer.ca;28
24;in.dolor@miac.co.uk;5
25;Cum@Quisque.com;8
26;Proin.mi@Maecenas.org;40
27;elit.elit@lectusquismassa.edu;56
28;nulla.ante.iaculis@fames.net;83
29;et.netus.et@Cum.net;60
30;feugiat.non@ac.net;8
31;aliquet@semmagna.net;99
32;eu@consectetuer.ca;49
33;in.dolor@miac.co.uk;41
34;Cum@Quisque.com;67
35;Proin.mi@Maecenas.org;13
36;elit.elit@lectusquismassa.edu;61
37;nulla.ante.iaculis@fames.net;76
38;et.netus.et@Cum.net;93
39;feugiat.non@ac.net;7
40;aliquet@semmagna.net;98
41;eu@consectetuer.ca;32
42;in.dolor@miac.co.uk;65
43;Cum@Quisque.com;56
44;Proin.mi@Maecenas.org;30
45;elit.elit@lectusquismassa.edu;89
46;nulla.ante.iaculis@fames.net;99
47;et.netus.et@Cum.net;29
48;feugiat.non@ac.net;76
49;aliquet@semmagna.net;53
50;eu@consectetuer.ca;39
